density, min val of entries,max val of entries,lasso-train,lasso-test,dlda-train,dlda-test,svm-train,svm-test,tc-train,tc-test
0.1,-0.1,0.1,0.5674999999999993,0.49199999999999977,0.946,0.5050000000000001,1.0,0.515,0.8377499999999999,0.5279999999999998
0.1,0,0.01,0.5725,0.496,0.9555000000000002,0.503,1.0,0.49900000000000005,0.83975,0.5110000000000001
0.1,-5,0.001,0.99925,0.9980000000000001,0.9997499999999999,0.996,1.0,1.0,0.8334999999999998,0.503
0.9,-0.1,0.1,0.5684999999999997,0.4800000000000001,0.9580000000000003,0.5780000000000002,1.0,0.5590000000000002,0.8995000000000002,0.6000000000000002
0.9,0,0.01,0.5647499999999999,0.4829999999999999,0.955,0.49199999999999994,1.0,0.5,0.8337499999999999,0.508
0.9,-5,0.001,1.0,1.0,1.0,1.0,1.0,1.0,0.5634999999999998,0.39799999999999996
