smallest_coef,largest_coef,lasso-test,dlda-train,dlda-test,svm-train,svm-test,tc-train,tc-test
-1,1,0.9872499999999996,0.7809999999999998,0.9944999999999996,0.9420000000000003,1.0,0.9390000000000002,0.9465000000000002,0.8730000000000002
-5,1,0.9982499999999999,0.561,0.8345000000000004,0.5870000000000001,1.0,0.5529999999999999,0.6887499999999998,0.6459999999999998
-1,5,0.9984999999999999,0.5330000000000001,0.84875,0.6330000000000002,1.0,0.5660000000000002,0.747,0.67
-10,10,1.0,0.5139999999999999,0.8760000000000001,0.5590000000000002,1.0,0.5170000000000002,0.714,0.6639999999999995
-1,10,1.0,0.5079999999999999,0.7932499999999998,0.557,1.0,0.509,0.7202500000000001,0.6789999999999999
-1,20,1.0,0.4919999999999998,0.7669999999999999,0.508,1.0,0.49200000000000005,0.6520000000000001,0.6189999999999998
