smallest_coef,largest_coef,lasso-train,lasso-test,dlda-train,dlda-test,svm-train,svm-test,tc-train,tc-test
-1,1,0.98725,0.781,0.9945,0.942,1,0.939,0.9465,0.873
-5,1,0.99825,0.561,0.8345,0.587,1,0.553,0.68875,0.646
-1,5,0.9985,0.533,0.84875,0.633,1,0.566,0.747,0.67
-10,10,1,0.514,0.876,0.559,1,0.517,0.714,0.664
-1,10,1,0.508,0.79325,0.557,1,0.509,0.72025,0.679
-1,20,1,0.492,0.767,0.508,1,0.492,0.652,0.619
