density of non-zero entries in beta,lasso-train,lasso-test,dlda-train,dlda-test,svm-train,svm-test,tc-train,tc-test
0.01,0.6714999999999999,0.6319999999999998,0.9650000000000002,0.5680000000000001,1.0,0.5800000000000002,0.8404999999999998,0.586
0.05,0.8212500000000001,0.7600000000000001,0.9827499999999998,0.7120000000000003,1.0,0.7330000000000002,0.878,0.7289999999999999
0.1,0.9007500000000003,0.8650000000000003,0.9922500000000001,0.8830000000000001,1.0,0.888,0.9157500000000001,0.8230000000000001
0.2,0.94375,0.8930000000000003,0.99875,0.9690000000000001,1.0,0.9649999999999999,0.9637500000000001,0.9059999999999998
0.5,0.9792499999999998,0.9229999999999999,1.0,1.0,1.0,0.9990000000000001,0.9962499999999997,0.9790000000000002
0.7,0.9927499999999998,0.9420000000000001,1.0,1.0,1.0,1.0,0.9997499999999999,0.9930000000000001
0.9,0.9927499999999996,0.9580000000000001,1.0,1.0,1.0,1.0,0.9994999999999998,0.9990000000000001
