n,p,lasso-train,lasso-test,dlda-train,dlda-test,svm-train,svm-test,tc-train,tc-test
20,100,0.99125,0.855,1.0,1.0,1.0,1.0,1.0,0.99
40,100,0.9946875,0.9225,1.0,1.0,1.0,1.0,1.0,0.99875
50,100,0.9959999999999998,0.9540000000000002,1.0,1.0,1.0,1.0,1.0,1.0
80,100,0.99546875,0.96,1.0,1.0,1.0,1.0,1.0,0.999375
100,100,0.9972499999999996,0.9780000000000006,1.0,1.0,1.0,1.0,1.0,0.9995
200,100,0.9961250000000004,0.9859999999999995,1.0,1.0,1.0,1.0,0.9998125,0.9997499999999999
300,100,0.9965416666666667,0.9923333333333336,1.0,1.0,1.0,1.0,0.9998750000000001,1.0
400,100,0.9973125000000007,0.9951249999999995,1.0,1.0,1.0,1.0,0.9998125000000002,0.9997499999999999
500,100,0.9969250000000006,0.9951999999999996,1.0,1.0,1.0,1.0,0.9999000000000001,0.9999000000000001
