min val of entries,max val of entries,lasso-train,lasso-test,dlda-train,dlda-test,svm-train,svm-test,tc-train,tc-test
-1,1,0.9927499999999999,0.9500000000000003,1.0,1.0,1.0,1.0,1.0,0.9990000000000001
-3,3,1.0,1.0,1.0,1.0,1.0,1.0,1.0,1.0
-10,10,1.0,1.0,1.0,1.0,1.0,1.0,1.0,1.0
-0.1,0.1,0.5892499999999999,0.507,0.9605000000000004,0.5469999999999999,1.0,0.5720000000000001,0.8447500000000002,0.5240000000000002
0,0.01,0.5622499999999999,0.5060000000000001,0.9505000000000003,0.5169999999999999,1.0,0.53,0.8545000000000001,0.5260000000000001
-5,0.001,1.0,1.0,1.0,1.0,1.0,1.0,0.40625,0.31900000000000006
