alpha,lasso-train,lasso-test,dlda-train,dlda-test,svm-train,svm-test,tc-train,tc-test
0.1,0.9852500000000002,0.7059999999999998,0.9827499999999997,0.8689999999999999,1.0,0.8520000000000003,0.8965000000000001,0.784
0.2,0.9832499999999996,0.7010000000000005,0.9849999999999993,0.8859999999999998,1.0,0.8600000000000001,0.9180000000000001,0.8390000000000001
0.3,0.9847500000000001,0.728,0.991,0.938,1.0,0.9230000000000005,0.9309999999999996,0.8480000000000001
0.4,0.9832499999999996,0.758,0.9932500000000001,0.9430000000000004,1.0,0.9390000000000006,0.9359999999999998,0.83
0.5,0.9859999999999995,0.7650000000000001,0.9962499999999997,0.9540000000000002,1.0,0.9400000000000004,0.9504999999999995,0.8679999999999997
0.6,0.9869999999999998,0.7879999999999997,0.9982500000000001,0.9750000000000003,1.0,0.9760000000000004,0.9682499999999998,0.8990000000000002
0.7,0.9862499999999996,0.8040000000000005,0.9995,0.9820000000000003,1.0,0.9840000000000003,0.9807499999999996,0.9200000000000003
0.8,0.988499999999999,0.8460000000000001,1.0,0.9990000000000001,1.0,0.997,0.9907499999999994,0.9590000000000002
0.9,0.9919999999999998,0.899,1.0,0.9990000000000001,1.0,0.9990000000000001,0.9972499999999997,0.9760000000000002
