alpha, min val of entries,max val of entries,lasso-train,lasso-test,dlda-train,dlda-test,svm-train,svm-test,tc-train,tc-test
0.1,-1,1,0.9852500000000002,0.7059999999999998,0.9827499999999997,0.8689999999999999,1.0,0.8520000000000003,0.89125,0.7769999999999999
0.1,-10,10,1.0,0.525,0.8655000000000002,0.5159999999999999,1.0,0.49700000000000005,0.6322500000000001,0.567
0.1,-1,20,1.0,0.5110000000000002,0.6837499999999999,0.5169999999999999,1.0,0.5110000000000003,0.5747500000000002,0.5309999999999997
0.1,-5,1,0.9992500000000001,0.5399999999999998,0.7607499999999997,0.5470000000000002,1.0,0.5430000000000001,0.5952499999999997,0.5910000000000002
0.9,-1,1,0.9889999999999997,0.8739999999999999,1.0,1.0,1.0,1.0,0.9984999999999999,0.9760000000000002
0.9,-10,10,0.99925,0.5289999999999998,0.9610000000000001,0.8080000000000002,1.0,0.5440000000000003,0.9112500000000003,0.8810000000000001
0.9,-1,20,1.0,0.5180000000000001,0.9337499999999999,0.701,1.0,0.519,0.9285,0.8919999999999998
0.9,-5,1,0.9812499999999996,0.612,0.9899999999999998,0.9330000000000002,1.0,0.7350000000000003,0.91825,0.8659999999999997
