density of non-zero entries in beta,lasso-train,lasso-test,dlda-train,dlda-test,svm-train,svm-test,tc-train,tc-test
0.01,0.9702857142857135,0.7126666666666667,0.8734285714285711,0.7133333333333336,1.0,0.6113333333333337,0.8298571428571428,0.624333333333333
0.05,0.9878571428571422,0.9226666666666667,0.9709999999999995,0.9393333333333339,1.0,0.8559999999999994,0.8988571428571425,0.8213333333333334
0.1,0.997428571428571,0.9733333333333336,0.9967142857142857,0.9893333333333338,1.0,0.9650000000000003,0.9538571428571423,0.9096666666666667
0.2,1.0,0.9930000000000001,0.9997142857142858,0.9996666666666667,1.0,0.9963333333333335,0.9885714285714283,0.9713333333333337
0.5,1.0,0.9996666666666667,1.0,1.0,1.0,1.0,0.999857142857143,0.9983333333333334
0.7,1.0,1.0,1.0,1.0,1.0,1.0,1.0,0.9996666666666667
0.9,1.0,1.0,1.0,1.0,1.0,1.0,1.0,1.0
